{"entities":{"pages":{"README":{"id":"README","title":"Getting Started","url":"readme.html","level":0,"tabIndex":0},"c6df4445_478":{"id":"c6df4445_478","title":"Documentation","level":0,"pages":["docs_README","c6df4445_480","c6df4445_482","c6df4445_486","c6df4445_490","c6df4445_492"],"tabIndex":1},"docs_README":{"id":"docs_README","title":"Welcome to the PlanningCenter-PHP-SDK Docs!","url":"docs-readme.html","level":1,"parentId":"c6df4445_478","tabIndex":0},"c6df4445_480":{"id":"c6df4445_480","title":"Installation","level":1,"parentId":"c6df4445_478","pages":["01-installation_README"],"tabIndex":1},"01-installation_README":{"id":"01-installation_README","title":"Installation via Composer","url":"01-installation-readme.html","level":2,"parentId":"c6df4445_480","tabIndex":0},"c6df4445_482":{"id":"c6df4445_482","title":"Setup","level":1,"parentId":"c6df4445_478","pages":["02-setup_README","02-Change-the-API-Version","01-Setup-the-PCOClient"],"tabIndex":2},"02-setup_README":{"id":"02-setup_README","title":"Setup Overview","url":"02-setup-readme.html","level":2,"parentId":"c6df4445_482","tabIndex":0},"02-Change-the-API-Version":{"id":"02-Change-the-API-Version","title":"Changing the Planning Center API Version","url":"02-change-the-api-version.html","level":2,"parentId":"c6df4445_482","tabIndex":1},"01-Setup-the-PCOClient":{"id":"01-Setup-the-PCOClient","title":"Set up the PCOClient","url":"01-setup-the-pcoclient.html","level":2,"parentId":"c6df4445_482","tabIndex":2},"c6df4445_486":{"id":"c6df4445_486","title":"Calendar","level":1,"parentId":"c6df4445_478","pages":["03-calendar_README","01-Event","02-TagGroup"],"tabIndex":3},"03-calendar_README":{"id":"03-calendar_README","title":"Calendar Overview","url":"03-calendar-readme.html","level":2,"parentId":"c6df4445_486","tabIndex":0},"01-Event":{"id":"01-Event","title":"Event","url":"01-event.html","level":2,"parentId":"c6df4445_486","tabIndex":1},"02-TagGroup":{"id":"02-TagGroup","title":"TagGroup","url":"02-taggroup.html","level":2,"parentId":"c6df4445_486","tabIndex":2},"c6df4445_490":{"id":"c6df4445_490","title":"Groups (Coming Soon)","level":1,"parentId":"c6df4445_478","pages":["06-groups_README"],"tabIndex":4},"06-groups_README":{"id":"06-groups_README","title":"Groups Overview","url":"06-groups-readme.html","level":2,"parentId":"c6df4445_490","tabIndex":0},"c6df4445_492":{"id":"c6df4445_492","title":"People (Documentation Being Written Right Now!)","level":1,"parentId":"c6df4445_478","pages":["07-people_README","02-Person"],"tabIndex":5},"07-people_README":{"id":"07-people_README","title":"People Overview","url":"07-people-readme.html","level":2,"parentId":"c6df4445_492","tabIndex":0},"02-Person":{"id":"02-Person","title":"Person","url":"02-person.html","level":2,"parentId":"c6df4445_492","tabIndex":1},"SECURITY":{"id":"SECURITY","title":"Security Policy","url":"security.html","level":0,"tabIndex":2},"LICENSE":{"id":"LICENSE","title":"License","url":"license.html","level":0,"tabIndex":3}}},"topLevelIds":["README","c6df4445_478","SECURITY","LICENSE"]}