{"entities":{"pages":{"welcome":{"id":"welcome","title":"Welcome","url":"welcome.html","level":0,"tabIndex":0},"6b59b3e5_59":{"id":"6b59b3e5_59","title":"Documentation","level":0,"pages":["getting-started","6b59b3e5_61","6b59b3e5_62","6b59b3e5_66","6b59b3e5_70","6b59b3e5_72"],"tabIndex":1},"getting-started":{"id":"getting-started","title":"Getting Started","url":"getting-started.html","level":1,"parentId":"6b59b3e5_59","tabIndex":0},"6b59b3e5_61":{"id":"6b59b3e5_61","title":"Installation","level":1,"parentId":"6b59b3e5_59","pages":["installation"],"tabIndex":1},"installation":{"id":"installation","title":"Installation via Composer","url":"installation.html","level":2,"parentId":"6b59b3e5_61","tabIndex":0},"6b59b3e5_62":{"id":"6b59b3e5_62","title":"Setup","level":1,"parentId":"6b59b3e5_59","pages":["setup-home","changing-the-api-version","setting-up"],"tabIndex":2},"setup-home":{"id":"setup-home","title":"Setup Overview","url":"setup-home.html","level":2,"parentId":"6b59b3e5_62","tabIndex":0},"changing-the-api-version":{"id":"changing-the-api-version","title":"Changing the API Version","url":"changing-the-api-version.html","level":2,"parentId":"6b59b3e5_62","tabIndex":1},"setting-up":{"id":"setting-up","title":"Set up the Client","url":"setting-up.html","level":2,"parentId":"6b59b3e5_62","tabIndex":2},"6b59b3e5_66":{"id":"6b59b3e5_66","title":"Calendar","level":1,"parentId":"6b59b3e5_59","pages":["calendar-home","calendar-events","calendar-tag-groups"],"tabIndex":3},"calendar-home":{"id":"calendar-home","title":"Calendar Overview","url":"calendar-home.html","level":2,"parentId":"6b59b3e5_66","tabIndex":0},"calendar-events":{"id":"calendar-events","title":"Event","url":"calendar-events.html","level":2,"parentId":"6b59b3e5_66","tabIndex":1},"calendar-tag-groups":{"id":"calendar-tag-groups","title":"TagGroup","url":"calendar-tag-groups.html","level":2,"parentId":"6b59b3e5_66","tabIndex":2},"6b59b3e5_70":{"id":"6b59b3e5_70","title":"Groups (Coming Soon)","level":1,"parentId":"6b59b3e5_59","pages":["groups-home"],"tabIndex":4},"groups-home":{"id":"groups-home","title":"Groups Overview","url":"groups-home.html","level":2,"parentId":"6b59b3e5_70","tabIndex":0},"6b59b3e5_72":{"id":"6b59b3e5_72","title":"People (Documentation Being Written Right Now!)","level":1,"parentId":"6b59b3e5_59","pages":["people-home","people-person"],"tabIndex":5},"people-home":{"id":"people-home","title":"People Overview","url":"people-home.html","level":2,"parentId":"6b59b3e5_72","tabIndex":0},"people-person":{"id":"people-person","title":"Person","url":"people-person.html","level":2,"parentId":"6b59b3e5_72","tabIndex":1},"SECURITY":{"id":"SECURITY","title":"Security Policy","url":"security.html","level":0,"tabIndex":2},"LICENSE":{"id":"LICENSE","title":"License","url":"license.html","level":0,"tabIndex":3}}},"topLevelIds":["welcome","6b59b3e5_59","SECURITY","LICENSE"]}