{"entities":{"pages":{"welcome":{"id":"welcome","title":"Welcome","url":"welcome.html","level":0,"tabIndex":0},"-1j8x6j_921":{"id":"-1j8x6j_921","title":"Documentation","level":0,"pages":["getting-started","-1j8x6j_923","-1j8x6j_924","-1j8x6j_928","-1j8x6j_932","-1j8x6j_934"],"tabIndex":1},"getting-started":{"id":"getting-started","title":"Getting Started","url":"getting-started.html","level":1,"parentId":"-1j8x6j_921","tabIndex":0},"-1j8x6j_923":{"id":"-1j8x6j_923","title":"Installation","level":1,"parentId":"-1j8x6j_921","pages":["installation"],"tabIndex":1},"installation":{"id":"installation","title":"Installation via Composer","url":"installation.html","level":2,"parentId":"-1j8x6j_923","tabIndex":0},"-1j8x6j_924":{"id":"-1j8x6j_924","title":"Setup","level":1,"parentId":"-1j8x6j_921","pages":["setup-home","changing-the-api-version","setting-up"],"tabIndex":2},"setup-home":{"id":"setup-home","title":"Setup Overview","url":"setup-home.html","level":2,"parentId":"-1j8x6j_924","tabIndex":0},"changing-the-api-version":{"id":"changing-the-api-version","title":"Changing the API Version","url":"changing-the-api-version.html","level":2,"parentId":"-1j8x6j_924","tabIndex":1},"setting-up":{"id":"setting-up","title":"Set up the Client","url":"setting-up.html","level":2,"parentId":"-1j8x6j_924","tabIndex":2},"-1j8x6j_928":{"id":"-1j8x6j_928","title":"Calendar","level":1,"parentId":"-1j8x6j_921","pages":["calendar-home","calendar-events","calendar-tag-groups"],"tabIndex":3},"calendar-home":{"id":"calendar-home","title":"Calendar Overview","url":"calendar-home.html","level":2,"parentId":"-1j8x6j_928","tabIndex":0},"calendar-events":{"id":"calendar-events","title":"Event","url":"calendar-events.html","level":2,"parentId":"-1j8x6j_928","tabIndex":1},"calendar-tag-groups":{"id":"calendar-tag-groups","title":"TagGroup","url":"calendar-tag-groups.html","level":2,"parentId":"-1j8x6j_928","tabIndex":2},"-1j8x6j_932":{"id":"-1j8x6j_932","title":"Groups (Finalizing Docs)","level":1,"parentId":"-1j8x6j_921","pages":["groups-home"],"tabIndex":4},"groups-home":{"id":"groups-home","title":"Groups Overview","url":"groups-home.html","level":2,"parentId":"-1j8x6j_932","tabIndex":0},"-1j8x6j_934":{"id":"-1j8x6j_934","title":"People (Finalizing Docs)","level":1,"parentId":"-1j8x6j_921","pages":["people-home","people-person"],"tabIndex":5},"people-home":{"id":"people-home","title":"People Overview","url":"people-home.html","level":2,"parentId":"-1j8x6j_934","tabIndex":0},"people-person":{"id":"people-person","title":"Person","url":"people-person.html","level":2,"parentId":"-1j8x6j_934","tabIndex":1},"SECURITY":{"id":"SECURITY","title":"Security Policy","url":"security.html","level":0,"tabIndex":2},"LICENSE":{"id":"LICENSE","title":"License","url":"license.html","level":0,"tabIndex":3}}},"topLevelIds":["welcome","-1j8x6j_921","SECURITY","LICENSE"]}