{"entities":{"pages":{"welcome":{"id":"welcome","title":"Welcome","url":"welcome.html","level":0,"tabIndex":0},"i4xqk88_802":{"id":"i4xqk88_802","title":"Documentation","level":0,"pages":["getting-started","i4xqk88_804","i4xqk88_805","i4xqk88_809","i4xqk88_813","i4xqk88_818"],"tabIndex":1},"getting-started":{"id":"getting-started","title":"Getting Started","url":"getting-started.html","level":1,"parentId":"i4xqk88_802","tabIndex":0},"i4xqk88_804":{"id":"i4xqk88_804","title":"Installation","level":1,"parentId":"i4xqk88_802","pages":["installation"],"tabIndex":1},"installation":{"id":"installation","title":"Installation via Composer","url":"installation.html","level":2,"parentId":"i4xqk88_804","tabIndex":0},"i4xqk88_805":{"id":"i4xqk88_805","title":"Setup","level":1,"parentId":"i4xqk88_802","pages":["setup-home","changing-the-api-version","setting-up"],"tabIndex":2},"setup-home":{"id":"setup-home","title":"Setup Overview","url":"setup-home.html","level":2,"parentId":"i4xqk88_805","tabIndex":0},"changing-the-api-version":{"id":"changing-the-api-version","title":"Changing the API Version","url":"changing-the-api-version.html","level":2,"parentId":"i4xqk88_805","tabIndex":1},"setting-up":{"id":"setting-up","title":"Set up the Client","url":"setting-up.html","level":2,"parentId":"i4xqk88_805","tabIndex":2},"i4xqk88_809":{"id":"i4xqk88_809","title":"Calendar","level":1,"parentId":"i4xqk88_802","pages":["calendar-home","calendar-events","calendar-tag-groups"],"tabIndex":3},"calendar-home":{"id":"calendar-home","title":"Calendar Overview","url":"calendar-home.html","level":2,"parentId":"i4xqk88_809","tabIndex":0},"calendar-events":{"id":"calendar-events","title":"Event","url":"calendar-events.html","level":2,"parentId":"i4xqk88_809","tabIndex":1},"calendar-tag-groups":{"id":"calendar-tag-groups","title":"TagGroup","url":"calendar-tag-groups.html","level":2,"parentId":"i4xqk88_809","tabIndex":2},"i4xqk88_813":{"id":"i4xqk88_813","title":"Groups (Finalizing Docs)","level":1,"parentId":"i4xqk88_802","pages":["groups-home","groups-group","groups-event","groups-tagGroup","groups-tag"],"tabIndex":4},"groups-home":{"id":"groups-home","title":"Groups Overview","url":"groups-home.html","level":2,"parentId":"i4xqk88_813","tabIndex":0},"groups-group":{"id":"groups-group","title":"Groups","url":"groups-group.html","level":2,"parentId":"i4xqk88_813","tabIndex":1},"groups-event":{"id":"groups-event","title":"Group Events","url":"groups-event.html","level":2,"parentId":"i4xqk88_813","tabIndex":2},"groups-tagGroup":{"id":"groups-tagGroup","title":"Tag Groups","url":"groups-taggroup.html","level":2,"parentId":"i4xqk88_813","tabIndex":3},"groups-tag":{"id":"groups-tag","title":"Tags","url":"groups-tag.html","level":2,"parentId":"i4xqk88_813","tabIndex":4},"i4xqk88_818":{"id":"i4xqk88_818","title":"People (Finalizing Docs)","level":1,"parentId":"i4xqk88_802","pages":["people-home","people-person","people-email"],"tabIndex":5},"people-home":{"id":"people-home","title":"People Overview","url":"people-home.html","level":2,"parentId":"i4xqk88_818","tabIndex":0},"people-person":{"id":"people-person","title":"Person","url":"people-person.html","level":2,"parentId":"i4xqk88_818","tabIndex":1},"people-email":{"id":"people-email","title":"Email","url":"people-email.html","level":2,"parentId":"i4xqk88_818","tabIndex":2},"SECURITY":{"id":"SECURITY","title":"Security Policy","url":"security.html","level":0,"tabIndex":2},"LICENSE":{"id":"LICENSE","title":"License","url":"license.html","level":0,"tabIndex":3}}},"topLevelIds":["welcome","i4xqk88_802","SECURITY","LICENSE"]}