{"entities":{"pages":{"getting-started":{"id":"getting-started","title":"Getting Started","url":"getting-started.html","level":0,"tabIndex":0},"f91db812_1862":{"id":"f91db812_1862","title":"Documentation","level":0,"pages":["welcome","f91db812_1864","f91db812_1865","f91db812_1869","f91db812_1873","f91db812_1875"],"tabIndex":1},"welcome":{"id":"welcome","title":"Welcome to the PlanningCenter-PHP-SDK Docs!","url":"welcome.html","level":1,"parentId":"f91db812_1862","tabIndex":0},"f91db812_1864":{"id":"f91db812_1864","title":"Installation","level":1,"parentId":"f91db812_1862","pages":["installation"],"tabIndex":1},"installation":{"id":"installation","title":"Installation via Composer","url":"installation.html","level":2,"parentId":"f91db812_1864","tabIndex":0},"f91db812_1865":{"id":"f91db812_1865","title":"Setup","level":1,"parentId":"f91db812_1862","pages":["setup-home","changing-the-api-version","setting-up"],"tabIndex":2},"setup-home":{"id":"setup-home","title":"Setup Overview","url":"setup-home.html","level":2,"parentId":"f91db812_1865","tabIndex":0},"changing-the-api-version":{"id":"changing-the-api-version","title":"Changing the Planning Center API Version","url":"changing-the-api-version.html","level":2,"parentId":"f91db812_1865","tabIndex":1},"setting-up":{"id":"setting-up","title":"Set up the PCOClient","url":"setting-up.html","level":2,"parentId":"f91db812_1865","tabIndex":2},"f91db812_1869":{"id":"f91db812_1869","title":"Calendar","level":1,"parentId":"f91db812_1862","pages":["calendar-home","calendar-events","calendar-tag-groups"],"tabIndex":3},"calendar-home":{"id":"calendar-home","title":"Calendar Overview","url":"calendar-home.html","level":2,"parentId":"f91db812_1869","tabIndex":0},"calendar-events":{"id":"calendar-events","title":"Event","url":"calendar-events.html","level":2,"parentId":"f91db812_1869","tabIndex":1},"calendar-tag-groups":{"id":"calendar-tag-groups","title":"TagGroup","url":"calendar-tag-groups.html","level":2,"parentId":"f91db812_1869","tabIndex":2},"f91db812_1873":{"id":"f91db812_1873","title":"Groups (Coming Soon)","level":1,"parentId":"f91db812_1862","pages":["groups-home"],"tabIndex":4},"groups-home":{"id":"groups-home","title":"Groups Overview","url":"groups-home.html","level":2,"parentId":"f91db812_1873","tabIndex":0},"f91db812_1875":{"id":"f91db812_1875","title":"People (Documentation Being Written Right Now!)","level":1,"parentId":"f91db812_1862","pages":["people-home","people-person"],"tabIndex":5},"people-home":{"id":"people-home","title":"People Overview","url":"people-home.html","level":2,"parentId":"f91db812_1875","tabIndex":0},"people-person":{"id":"people-person","title":"Person","url":"people-person.html","level":2,"parentId":"f91db812_1875","tabIndex":1},"SECURITY":{"id":"SECURITY","title":"Security Policy","url":"security.html","level":0,"tabIndex":2},"LICENSE":{"id":"LICENSE","title":"License","url":"license.html","level":0,"tabIndex":3}}},"topLevelIds":["getting-started","f91db812_1862","SECURITY","LICENSE"]}