{"entities":{"pages":{"welcome":{"id":"welcome","title":"Welcome","url":"welcome.html","level":0,"tabIndex":0},"-1h6egf_173":{"id":"-1h6egf_173","title":"Documentation","level":0,"pages":["getting-started","-1h6egf_174","-1h6egf_175","-1h6egf_179","-1h6egf_183","-1h6egf_189"],"tabIndex":1},"getting-started":{"id":"getting-started","title":"Getting Started","url":"getting-started.html","level":1,"parentId":"-1h6egf_173","tabIndex":0},"-1h6egf_174":{"id":"-1h6egf_174","title":"Installation","level":1,"parentId":"-1h6egf_173","pages":["installation"],"tabIndex":1},"installation":{"id":"installation","title":"Installation via Composer","url":"installation.html","level":2,"parentId":"-1h6egf_174","tabIndex":0},"-1h6egf_175":{"id":"-1h6egf_175","title":"Setup","level":1,"parentId":"-1h6egf_173","pages":["setup-home","changing-the-api-version","setting-up"],"tabIndex":2},"setup-home":{"id":"setup-home","title":"Setup Overview","url":"setup-home.html","level":2,"parentId":"-1h6egf_175","tabIndex":0},"changing-the-api-version":{"id":"changing-the-api-version","title":"Changing the API Version","url":"changing-the-api-version.html","level":2,"parentId":"-1h6egf_175","tabIndex":1},"setting-up":{"id":"setting-up","title":"Set up the Client","url":"setting-up.html","level":2,"parentId":"-1h6egf_175","tabIndex":2},"-1h6egf_179":{"id":"-1h6egf_179","title":"Calendar","level":1,"parentId":"-1h6egf_173","pages":["calendar-home","calendar-events","calendar-tag-groups"],"tabIndex":3},"calendar-home":{"id":"calendar-home","title":"Calendar Overview","url":"calendar-home.html","level":2,"parentId":"-1h6egf_179","tabIndex":0},"calendar-events":{"id":"calendar-events","title":"Event","url":"calendar-events.html","level":2,"parentId":"-1h6egf_179","tabIndex":1},"calendar-tag-groups":{"id":"calendar-tag-groups","title":"TagGroup","url":"calendar-tag-groups.html","level":2,"parentId":"-1h6egf_179","tabIndex":2},"-1h6egf_183":{"id":"-1h6egf_183","title":"Groups","level":1,"parentId":"-1h6egf_173","pages":["groups-home","groups-group","groups-event","groups-tagGroup","groups-tag"],"tabIndex":4},"groups-home":{"id":"groups-home","title":"Groups Overview","url":"groups-home.html","level":2,"parentId":"-1h6egf_183","tabIndex":0},"groups-group":{"id":"groups-group","title":"Groups","url":"groups-group.html","level":2,"parentId":"-1h6egf_183","tabIndex":1},"groups-event":{"id":"groups-event","title":"Group Events","url":"groups-event.html","level":2,"parentId":"-1h6egf_183","tabIndex":2},"groups-tagGroup":{"id":"groups-tagGroup","title":"Tag Groups","url":"groups-taggroup.html","level":2,"parentId":"-1h6egf_183","tabIndex":3},"groups-tag":{"id":"groups-tag","title":"Tags","url":"groups-tag.html","level":2,"parentId":"-1h6egf_183","tabIndex":4},"-1h6egf_189":{"id":"-1h6egf_189","title":"People","level":1,"parentId":"-1h6egf_173","pages":["people-home","people-person","people-email"],"tabIndex":5},"people-home":{"id":"people-home","title":"People Overview","url":"people-home.html","level":2,"parentId":"-1h6egf_189","tabIndex":0},"people-person":{"id":"people-person","title":"Person","url":"people-person.html","level":2,"parentId":"-1h6egf_189","tabIndex":1},"people-email":{"id":"people-email","title":"Email","url":"people-email.html","level":2,"parentId":"-1h6egf_189","tabIndex":2},"SECURITY":{"id":"SECURITY","title":"Security Policy","url":"security.html","level":0,"tabIndex":2},"LICENSE":{"id":"LICENSE","title":"License","url":"license.html","level":0,"tabIndex":3}}},"topLevelIds":["welcome","-1h6egf_173","SECURITY","LICENSE"]}